customer_id,customer_name,customer_age,country,is_subscriber,subscriber_type,num_streams
1,Kasen Todd,22,united_states,0,2,23
2,Ensley Garza,32,singapore,1,3,12
3,Lillian Carey,23,united_states,1,2,22
4,Beau Christensen,22,united_states,0,1,19
5,Ernesto Gibson,23,singapore,0,2,23
6,Deshawn Murray,23,united_states,0,2,20
7,Daxton Tate,50,singapore,1,1,18
8,Tenley Small,48,united_states,0,2,20
9,Kyra Chase,22,united_states,1,2,24
10,London Barber,27,united_states,1,1,20
11,Rohan Rivas,16,united_states,0,2,18
12,Romina Ross,40,singapore,0,3,1
13,Liberty Moore,22,united_states,0,2,21
14,Yusuf Huber,20,united_states,0,1,22
15,Brantley Suarez,24,united_states,0,2,20
16,Skyler Ray,23,united_states,0,1,5
17,Joel Boyd,28,united_states,0,2,24
18,Zayne Torres,46,singapore,1,1,17
19,Madden Cross,30,united_states,0,2,19
20,Jabari Eaton,22,united_states,0,2,5
21,Claudia Hickman,39,singapore,1,3,5
22,Darwin Parker,42,singapore,1,1,19
23,Josiah Pruitt,23,united_states,0,3,23
24,Derek Landry,24,singapore,1,1,14
25,Sage Dejesus,21,singapore,0,1,15
26,Mikaela Adams,25,united_states,0,2,23
27,Jimmy Lee,22,united_states,0,1,18
28,Devin Hubbard,20,united_states,0,1,14
29,Kameron Miles,22,singapore,0,1,18
30,Francisco Jennings,41,united_states,0,3,21
31,Dalary Rubio,20,united_states,0,3,20
32,Philip Cunningham,26,singapore,1,2,26
33,Landyn Park,29,united_states,0,3,19
34,Collins Ayers,39,singapore,1,3,9
35,Cecilia Madden,43,singapore,1,2,14
36,Bella Valdez,35,singapore,1,2,26
37,Ishaan Cardenas,39,united_states,0,2,23
38,Maddox Grimes,43,united_states,0,1,21
39,Salma Santana,25,singapore,1,1,20
40,Jaime Blackwell,23,singapore,0,1,6
41,Cannon Davila,23,united_states,0,3,19
42,Oliver Hinton,52,singapore,1,3,21
43,Santiago Francis,34,united_states,0,2,21
44,Remi Mayer,27,united_states,0,3,23
45,Kingsley Gutierrez,26,singapore,0,2,7
46,Megan Shepard,23,singapore,0,1,13
47,Robert Nava,45,united_states,0,1,5
48,Elijah Austin,24,united_states,0,3,19
49,Cash Reyes,25,united_states,0,2,17
50,Ford Nash,21,singapore,0,3,10
51,Isabella Simpson,27,united_states,0,1,10
52,Lindsey Curry,45,united_states,0,2,22
53,Chelsea Klein,28,united_states,1,2,22
54,Kinslee Bender,30,united_states,0,3,16
55,Harvey Hester,26,united_states,0,1,18
56,Laila Sanford,19,united_states,0,3,20
57,Fox Houston,17,united_states,0,1,21
58,Dorian Ellis,43,united_states,1,3,18
59,Rafael Barnes,25,united_states,0,3,6
60,Aryan Norton,21,united_states,0,1,21
61,Mohammad Alvarado,24,united_states,1,3,19
62,Raphael Mccann,46,united_states,0,2,16
63,Izabella Lawrence,28,united_states,1,2,19
64,Bowen Sierra,45,united_states,0,1,20
65,Abram Collier,21,united_states,0,3,8
66,Howard Villa,22,united_states,0,2,20
67,Harlan Webb,24,united_states,0,1,21
68,Samara Sims,19,united_states,1,3,23
69,Dominick Reilly,22,singapore,1,3,19
70,Amira Chen,23,united_states,1,2,23
71,River Mcpherson,23,united_states,0,2,24
72,Maison Estrada,40,united_states,0,2,20
73,Mordechai Grant,25,united_states,0,1,10
74,Elianna Peterson,43,united_states,0,3,23
75,Genesis Weaver,31,united_states,0,1,6
76,Mabel Miranda,23,united_states,0,1,22
77,Kamilah Dean,20,united_states,1,2,20
78,Alfredo Mosley,28,united_states,0,2,14
79,Magnus Barrett,18,united_states,1,2,18
80,Jedidiah Walter,19,singapore,1,3,10
81,Ophelia Avila,21,singapore,1,1,18
82,Lexi Bradley,22,united_states,0,2,22
83,Jairo Walters,42,united_states,0,3,23
84,Javier Lowe,32,united_states,0,1,22
85,Gibson Fernandez,22,united_states,0,1,21
86,Lane Richard,24,united_states,1,1,23
87,Briar Alvarez,24,singapore,1,2,14
88,Camille Mora,26,united_states,0,1,18
89,Melanie Ashley,23,united_states,0,2,20
90,Carter Sharp,21,united_states,0,1,20
91,Baker Terrell,26,singapore,1,1,19
92,Callie Hammond,21,united_states,0,1,21
93,Amber Marsh,19,united_states,1,2,20
94,Tristan Travis,43,united_states,0,1,10
95,Chloe Melton,40,singapore,0,1,21
96,Dylan Lewis,27,united_states,0,3,18
97,Ellis Mcconnell,37,singapore,0,2,13
98,Nikolai Lara,56,singapore,1,1,18
99,Orion Bell,26,united_states,0,2,22
100,Rylan Roberson,21,singapore,1,2,17
101,Brysen Reid,23,united_states,0,1,24
102,Myra Blanchard,49,united_states,0,3,23
103,Jordy Spence,34,united_states,0,2,16
104,Alijah Copeland,20,united_states,0,1,17
105,Keilani Woods,24,united_states,0,2,5
106,Salvatore Robles,29,united_states,0,3,23
107,Saul Rosas,25,united_states,0,2,22
108,Scarlet Xiong,27,singapore,0,3,10
109,Malik Fletcher,43,united_states,1,2,15
110,Parker Goodwin,25,united_states,0,1,21
111,Justice Lynch,51,united_states,0,2,22
112,Kian Vega,32,united_states,0,3,19
113,Elsie Mcgee,41,singapore,1,2,25
114,Christina Randolph,23,united_states,0,3,25
115,Myla Stevens,27,united_states,0,2,18
116,Lara Flynn,25,singapore,1,2,18
117,Anastasia Khan,27,singapore,1,1,16
118,Nikolas Adkins,22,united_states,1,3,24
119,Andrea Patrick,18,united_states,0,1,18
120,Tate Blake,26,singapore,1,1,12
121,Sky Sherman,25,singapore,1,3,15
122,Cara Palmer,22,united_states,0,2,20
123,Sutton Hanson,22,united_states,0,3,21
124,Jaxxon Contreras,42,singapore,0,2,13
125,Graysen Decker,33,united_states,1,1,16
126,Callum Espinosa,31,united_states,0,2,17
127,Lyla Orozco,21,singapore,0,1,15
128,Lyra Atkins,20,united_states,0,1,22
129,William Pace,23,singapore,1,3,29
130,Raymond Maxwell,28,united_states,0,3,16
131,Everett Long,43,united_states,0,2,20
132,Hassan Bowman,30,united_states,0,2,20
133,Leonel Salgado,25,united_states,1,1,21
134,Grey Carson,19,singapore,0,3,11
135,Hope Hart,29,united_states,0,2,20
136,Randy Trevino,23,united_states,0,3,19
137,Lee Luna,20,singapore,1,2,16
138,Ariadne Villanueva,20,united_states,0,1,22
139,Cairo Washington,27,united_states,0,2,17
140,Mira Frazier,25,singapore,0,1,19
141,Rosa Franklin,24,singapore,1,2,15
142,Ismael Carrillo,27,united_states,0,3,20
143,Jaxx Noble,49,united_states,1,1,20
144,London Miller,22,united_states,0,3,24
145,Oakley Bailey,27,united_states,0,2,19
146,Kyng Jefferson,21,united_states,0,1,17
147,Eliana Romero,30,united_states,0,2,20
148,Caiden Conner,26,united_states,1,1,26
149,Cristian Graham,21,united_states,0,3,17
150,Wade Johnson,51,singapore,1,3,19
151,Aubrie Patel,17,singapore,0,1,13
152,Kamdyn Vargas,25,united_states,0,1,22
153,Roberto Everett,22,united_states,0,1,19
154,Eduardo Gould,40,united_states,0,1,7
155,Kailyn Mullen,23,singapore,0,1,18
156,Dillon Hodge,25,united_states,0,1,22
157,Arianna Mullins,27,united_states,1,1,23
158,Vanessa Blackburn,28,united_states,0,2,25
159,August Skinner,19,united_states,1,2,23
160,Willa Lim,27,singapore,1,2,7
161,Rogelio Richardson,21,united_states,0,1,21
162,Delilah Oneal,16,united_states,0,1,17
163,Savannah Peck,19,united_states,0,1,17
164,Alejandro Reynolds,25,united_states,0,2,20
165,Maxwell Solomon,57,united_states,0,2,17
166,Karina Glass,20,united_states,0,1,17
167,Tommy Berg,23,united_states,0,2,19
168,Adrien Morrison,24,united_states,1,1,19
169,Julian Cortez,23,united_states,0,2,17
170,Levi Ellison,29,singapore,0,1,18
171,Abby Mcdowell,22,singapore,0,3,10
172,Axel Clayton,19,united_states,0,2,16
173,Miller Leonard,23,united_states,0,2,5
174,Gus Merritt,17,singapore,1,2,15
175,Brooke Paul,21,singapore,0,1,9
176,Sebastian Calhoun,20,united_states,0,1,21
177,Clementine Nelson,23,united_states,0,3,22
178,Kye Blevins,44,united_states,0,1,20
179,Katherine Chandler,22,united_states,1,1,18
180,Dane Kennedy,33,united_states,0,2,20
181,Donovan Kent,42,singapore,1,2,18
182,Garrett Beasley,38,united_states,0,3,18
183,Aileen Mcintosh,27,united_states,1,1,17
184,Legacy Anthony,28,united_states,0,2,6
185,Walker Jacobson,44,singapore,0,1,20
186,Valery Schultz,21,united_states,0,2,22
187,Vivian Gallagher,29,united_states,0,3,18
188,Archer Gilmore,40,united_states,0,2,25
189,Jaxton Woodward,36,united_states,0,2,22
190,Jett Floyd,21,singapore,1,2,15
191,Leland Stein,24,united_states,0,3,15
192,Khloe Wade,25,united_states,0,3,25
193,Charlotte Patton,36,singapore,0,2,17
194,Sabrina Morales,54,united_states,0,3,20
195,Wells Arias,30,singapore,1,3,18
196,Prince Hurley,21,united_states,0,2,20
197,Marie Cain,44,singapore,1,1,18
198,Ariah Davenport,18,united_states,1,2,19
199,Jewel Delacruz,27,united_states,0,1,14
200,Ezra Herman,31,united_states,0,3,19
201,Tinley Bush,20,united_states,0,2,19
202,Malcolm Reed,22,singapore,0,1,8
203,Byron Gilbert,20,united_states,0,1,21
204,Simone Wheeler,23,united_states,0,1,8
205,Alia Bruce,44,united_states,0,2,19
206,Lian Conrad,20,singapore,1,2,13
207,Augustine Gillespie,41,united_states,0,2,18
208,Peyton Beck,25,united_states,0,1,18
209,Omar Valencia,23,united_states,0,3,16
210,Micah Freeman,21,united_states,0,1,20
211,Gunner Marin,26,united_states,0,1,25
212,Annabel Yu,24,singapore,0,3,12
213,Elisa Holloway,17,united_states,0,1,19
214,Quinton Dixon,27,singapore,0,1,12
215,Henley Bond,24,united_states,0,1,25
216,Braden Rowe,41,singapore,1,3,15
217,Graham Knox,27,singapore,1,3,17
218,Malia Quintero,46,united_states,0,3,23
219,Celine Hines,23,united_states,0,1,22
220,Wren Whitehead,21,singapore,1,3,18
221,Avalynn Higgins,23,united_states,0,2,21
222,Colin Erickson,25,united_states,1,1,24
223,Jamari Gomez,22,united_states,0,3,25
224,Misael Riley,48,united_states,0,1,13
225,Merrick Soto,37,united_states,0,1,17
226,Ryland Vincent,22,singapore,0,3,13
227,Maia Buchanan,22,singapore,1,3,8
228,Noe Whitney,41,united_states,0,2,16
229,Dakota Mclean,20,united_states,0,2,21
230,Della Michael,38,united_states,0,2,18
231,Kaylin Tucker,45,united_states,1,3,21
232,Xander Bryan,40,singapore,0,3,14
233,Desmond Fox,21,singapore,1,3,20
234,Greyson Mcclain,24,united_states,0,1,17
235,Dash Lam,27,united_states,0,1,16
236,Brooklynn Watts,24,united_states,0,1,16
237,Alexander Charles,42,singapore,0,1,22
238,Jeremy Donaldson,23,united_states,0,2,22
239,Emory Saunders,22,united_states,0,1,18
240,Maurice Jarvis,39,united_states,0,2,16
241,Mariam Stephenson,40,united_states,1,3,25
242,Isabel Rodriguez,51,united_states,1,2,21
243,Zainab Hood,55,singapore,1,2,9
244,Camden Fitzpatrick,26,united_states,0,1,13
245,Joe Young,25,united_states,0,1,16
246,Ariyah Castaneda,43,united_states,0,1,20
247,Harold Dodson,21,singapore,0,1,14
248,Saoirse Kirk,26,singapore,1,3,10
249,Kaliyah Haynes,25,united_states,0,1,16
250,Giselle Mahoney,22,united_states,1,2,22
251,Landry Obrien,41,singapore,1,2,9
252,Vivaan Chan,23,singapore,1,1,9
253,Treasure Hawkins,22,united_states,0,1,15
254,Valentin Lin,31,united_states,0,1,19
255,Andre Randall,25,united_states,0,1,19
256,Hayes Armstrong,25,singapore,1,2,18
257,Hadley Booth,24,united_states,0,2,16
258,Kalani Thomas,32,united_states,0,3,21
259,Mateo Dalton,28,singapore,1,2,6
260,Dominik Maddox,23,singapore,1,1,13
261,Luna Parsons,21,united_states,0,3,21
262,Liana Schmidt,26,united_states,0,3,23
263,Mason Swanson,23,singapore,1,3,14
264,Luis Cano,36,united_states,0,2,25
265,Linda Lloyd,20,united_states,1,3,21
266,Jamie Stephens,40,united_states,0,1,14
267,Delaney Sexton,20,singapore,1,2,9
268,Keily Hobbs,29,united_states,0,1,21
269,Hudson Ortega,24,united_states,0,2,21
270,Taylor Nguyen,37,united_states,0,2,24
271,Chanel Salazar,21,united_states,0,1,19
272,Michelle Gallegos,22,united_states,0,3,22
273,Bonnie Duncan,25,united_states,0,3,8
274,Laurel James,22,united_states,0,3,23
275,Dariel Esquivel,19,united_states,0,2,15
276,Tony Munoz,24,united_states,0,2,18
277,Kallie Valentine,27,united_states,0,1,18
278,Avah Leblanc,26,united_states,0,1,17
279,Remington Figueroa,21,united_states,1,2,22
280,Zaniyah Maldonado,37,united_states,0,3,14
281,Arlette Garner,51,united_states,0,3,19
282,Mohamed Fields,41,united_states,0,2,18
283,Kash Dominguez,27,united_states,1,3,21
284,Jace Rasmussen,25,singapore,1,3,22
285,Derrick Curtis,27,united_states,0,2,20
286,Tucker Juarez,25,united_states,0,2,19
287,Jayceon Horton,18,united_states,0,1,22
288,Jon Rowland,28,united_states,0,3,23
289,Jesse Brown,23,united_states,0,2,21
290,Curtis Little,25,united_states,0,1,23
291,Jaiden White,42,united_states,0,2,12
292,Aden Duffy,19,united_states,1,3,5
293,Eve Nichols,25,united_states,0,1,17
294,Justin Stafford,26,united_states,0,1,22
295,Bishop Weber,30,united_states,0,3,19
296,Jeffrey Phan,27,united_states,0,3,20
297,Caroline Brock,37,united_states,0,1,6
298,Ariel Espinoza,48,singapore,1,3,27
299,Jolie Guerra,25,united_states,0,2,20
300,Israel Perry,40,united_states,0,2,22
301,Jamie Fisher,38,singapore,1,1,18
302,Joziah Spears,32,singapore,1,1,16
303,Bowie Stevenson,41,united_states,0,3,21
304,Leila Quintana,18,singapore,1,3,12
305,Maleah Keller,23,singapore,1,1,20
306,Alma Robbins,22,united_states,0,2,23
307,Kalel Daniel,24,united_states,0,2,17
308,Otto Underwood,38,united_states,0,1,22
309,Taliyah Garrett,19,united_states,0,1,13
310,Luca Tran,51,united_states,0,2,13
311,Marcel Medina,52,singapore,0,1,10
312,Nova Flores,34,singapore,1,1,9
313,John Crosby,34,united_states,1,1,20
314,Reign Montes,22,singapore,1,3,1
315,Rosie Kramer,21,united_states,0,1,23
316,Kamryn Maynard,21,singapore,1,2,22
317,Alaric Levy,21,united_states,0,2,15
318,Ruben Camacho,23,singapore,0,2,8
319,Landon Ramos,24,united_states,1,3,19
320,Jonah Moran,39,united_states,1,1,22
321,Alex Massey,16,united_states,0,1,21
322,Amy Schneider,16,singapore,0,3,11
323,Rory York,22,united_states,0,2,9
324,Benjamin Lawson,22,united_states,0,2,4
325,Nora Dunn,24,united_states,0,2,12
326,Arielle Gross,36,united_states,0,2,12
327,Finn Delgado,21,united_states,0,1,21
328,Jillian Rios,42,united_states,1,3,9
329,Vincenzo Mckinney,23,united_states,0,2,19
330,Dax Ryan,39,united_states,0,3,20
331,Keanu Sullivan,23,united_states,0,1,21
332,Emilee Green,22,united_states,0,2,20
333,Caden Vazquez,26,united_states,0,1,23
334,Esteban Navarro,43,united_states,0,3,21
335,Titus Harvey,24,united_states,1,1,17
336,Rhys Schwartz,26,singapore,1,1,18
337,Helen Moss,47,singapore,0,1,14
338,Talia Edwards,35,united_states,0,2,12
339,Dawson Orr,23,singapore,0,1,18
340,Yosef Bentley,47,singapore,1,3,10
341,Cesar Barnett,29,singapore,0,1,18
342,Atlas Trejo,25,singapore,0,1,22
343,Roger Reese,22,united_states,0,2,19
344,Frank Warren,37,united_states,1,3,17
345,Edwin Frederick,54,united_states,1,1,21
346,Ana Pacheco,25,united_states,0,1,19
347,Noemi Bradford,18,singapore,1,2,16
348,Duke Giles,23,united_states,0,3,21
349,Kaiser Santos,51,united_states,0,1,22
350,Carly Norris,40,united_states,0,1,18
351,Cedric Flowers,25,united_states,0,1,21
352,Emilia Odonnell,35,united_states,1,3,14
353,Iliana Clements,34,united_states,0,1,26
354,Albert Lowery,24,united_states,0,3,22
355,Casen Mccarty,22,united_states,0,3,22
356,Emmalyn Moses,20,united_states,0,2,25
357,Miguel Lu,22,united_states,0,3,19
358,Jude Mcbride,23,singapore,1,1,11
359,Irene Durham,20,united_states,0,2,20
360,Markus Mcguire,46,united_states,0,1,18
361,Fernando Serrano,28,united_states,0,3,12
362,Rowan Moyer,16,united_states,0,3,17
363,Isaiah Herrera,23,united_states,0,2,22
364,Trace King,23,united_states,0,1,21
365,Angel Hurst,25,united_states,1,3,17
366,Enrique Palacios,20,singapore,1,2,13
367,Lennox Dudley,26,singapore,1,3,10
368,Louisa Lester,19,united_states,0,3,25
369,Bryson Mayo,21,united_states,0,1,17
370,Charles Tanner,26,singapore,0,3,15
371,Camilo Monroe,41,singapore,0,2,14
372,Mohammed Farley,26,united_states,1,1,23
373,Tristian Hail,20,united_states,0,1,15
374,Aliya Hardin,47,united_states,0,3,9
375,Daniel Dickson,31,united_states,1,2,22
376,Julius Leacock,20,united_states,0,1,20
377,Zariyah Velazquez,54,united_states,0,2,19
378,Lorenzo Magana,20,united_states,0,2,22
379,Mya Humphrey,25,united_states,1,2,17
380,Arthur Dyer,36,united_states,0,1,17
381,Arian Cobb,34,united_states,0,3,18
382,Elizabeth Baxter,42,united_states,0,1,13
383,Gabriella Stanton,22,united_states,0,1,20
384,Dayana Petersen,22,united_states,0,2,24
385,Vienna Hoover,25,singapore,1,3,11
386,Egypt Carr,19,united_states,0,2,20
387,Keith Burgess,18,united_states,0,1,19
388,Jaxtyn Galindo,22,united_states,0,3,18
389,Jada Scott,48,united_states,0,2,15
390,Kaiya Hutchinson,26,singapore,0,3,13
391,Kaylee Acevedo,22,singapore,0,1,11
392,Bryce Morrow,29,united_states,0,2,20
393,Gatlin Mack,27,united_states,0,2,3
394,Selena Shaffer,24,singapore,1,3,10
395,Caleb Fleming,25,singapore,1,1,21
396,Liliana Morse,24,united_states,0,2,17
397,Eleanor Huffman,23,singapore,0,1,15
398,Emanuel Oneill,35,singapore,1,3,13
399,Arabella Hampton,41,united_states,0,3,18
400,Siena Watson,22,united_states,0,2,21
401,Brodie Hill,22,singapore,0,2,16
402,Joanna Rivers,49,united_states,0,1,22
403,Ben Sanders,31,united_states,0,3,21
404,Ember Mcdaniel,20,singapore,0,2,10
405,Eugene Koch,42,united_states,0,3,25
406,Greta Greer,16,singapore,0,3,22
407,Camdyn Pugh,39,united_states,0,2,19
408,Gary Gibbs,42,united_states,1,3,14
409,Lilian Larson,27,united_states,1,2,25
410,Gunnar Powers,45,united_states,0,3,12
411,Brecken Alfaro,23,united_states,1,2,22
412,Carolyn Fowler,42,singapore,0,2,21
413,Nadia Coleman,23,singapore,1,1,18
414,Ahmad Dougherty,35,united_states,0,3,21
415,Alianna Schaefer,24,united_states,0,2,23
416,Jacoby Cherry,21,united_states,0,3,16
417,Jensen Meadows,20,united_states,0,1,13
418,Remington Rojas,39,united_states,0,1,18
419,Rebekah Graves,51,united_states,0,1,22
420,Jazmine Zhang,43,united_states,0,2,17
421,Sarah Mcmillan,46,united_states,0,1,20
422,Leia Macias,22,singapore,1,2,6
423,Erick Kane,27,singapore,0,1,20
424,Jamal Wolfe,20,singapore,1,2,15
425,Myles Barr,15,singapore,1,1,16
426,Dangelo Douglas,21,united_states,0,2,20
427,Case Stout,26,singapore,0,1,19
428,Melissa Cameron,18,united_states,0,1,24
429,Nathan Ruiz,19,singapore,1,1,22
430,Cameron Becker,24,singapore,1,3,6
431,Houston Benton,32,united_states,0,3,8
432,Kiana Craig,44,united_states,0,3,14
433,Alison Cline,46,singapore,1,1,17
434,Cullen Daniels,39,united_states,0,3,19
435,Lawrence Buck,20,united_states,0,3,20
436,Jaylene Barry,19,united_states,1,3,25
437,Cassius Finley,36,singapore,1,1,19
438,Milena Melendez,24,singapore,1,3,28
439,Maggie Glenn,27,united_states,0,2,19
440,Nolan Salas,21,singapore,0,2,21
441,Ricardo Howell,19,singapore,0,3,22
442,Judith Hunt,24,united_states,0,1,19
443,Alvin Cooper,25,united_states,0,1,18
444,Adrian Roth,28,united_states,0,2,16
445,Adeline Mcfarland,25,united_states,0,1,22
446,Iris Hernandez,25,united_states,0,1,20
447,Kimber Roberts,46,united_states,0,3,20
448,Raina Ayala,22,singapore,0,1,13
449,Moshe Mccormick,30,united_states,0,3,22
450,Kase Watkins,48,united_states,0,2,15
451,Helena Garrison,22,singapore,0,1,19
452,Ace Crane,21,united_states,0,3,23
453,George Butler,28,singapore,1,3,12
454,Mallory Wilcox,20,singapore,0,1,7
455,Nehemiah Bravo,18,united_states,0,2,14
456,Tadeo Davis,36,united_states,1,1,12
457,Kellen Castillo,24,united_states,0,2,18
458,Kevin Garcia,24,united_states,0,2,11
459,Noah Vaughan,22,singapore,0,1,10
460,Damien Berry,26,united_states,0,3,19
461,Nixon Perkins,20,singapore,0,1,8
462,Malaya Tang,23,united_states,0,2,24
463,Raelyn Acosta,22,united_states,0,1,17
464,Asa Pierce,20,united_states,0,3,18
465,Amanda Cox,23,united_states,0,3,8
466,Ridge Christian,26,united_states,0,2,22
467,Kylo Kaur,38,singapore,0,1,22
468,Kayla Bennett,29,singapore,1,3,11
469,Atticus Morris,25,united_states,0,1,18
470,Catalina Arroyo,15,united_states,0,2,13
471,Kamari Waller,41,united_states,0,2,19
472,Nancy Webster,23,singapore,0,1,19
473,Ali Rivera,23,united_states,1,3,20
474,Alondra Middleton,51,singapore,0,1,11
475,Braylen Compton,45,singapore,1,3,13
476,Evelynn Stewart,27,united_states,0,2,22
477,Emmitt Hoffman,24,united_states,0,3,17
478,Bobby Anderson,33,singapore,0,1,12
479,Ivanna Owen,41,united_states,0,3,23
480,Maddux Liu,40,singapore,0,3,18
481,Regina Quinn,27,singapore,1,3,8
482,Raquel Walls,25,united_states,0,2,21
483,Kendall Gordon,28,united_states,0,2,11
484,Sierra Whitaker,34,singapore,1,2,4
485,Angelo Santiago,22,singapore,0,1,15
486,Averie Delarosa,23,singapore,0,2,17
487,Bentley Terry,40,united_states,0,3,16
488,Henrik Pearson,25,singapore,1,3,15
489,Pearl Wood,39,singapore,0,3,5
490,Kelsey Jones,22,singapore,0,2,13
491,Terrell Burch,21,singapore,1,1,19
492,Alaina Hull,21,united_states,0,2,21
493,Maverick Wang,39,singapore,0,2,7
494,Quincy Nunez,21,singapore,1,2,13
495,Oscar Black,25,united_states,1,2,26
496,Achilles Lang,39,united_states,0,1,21
497,Deacon Porter,17,united_states,0,3,21
498,Romeo Campbell,19,singapore,0,1,16
499,Eloise Hendricks,29,united_states,0,2,27
500,Hayley Harrell,22,united_states,0,3,19
501,Madelynn Conley,24,united_states,0,2,19
502,Nelson Avalos,19,united_states,0,1,20
503,Silas Bass,23,singapore,1,1,11
504,Amora Phillips,21,singapore,0,1,19
505,Alejandra Wilkins,18,singapore,0,1,10
506,Genesis Yoder,27,singapore,0,1,20
507,Skylar Rosario,28,singapore,1,1,15
508,Ariana Waters,23,united_states,0,1,17
509,Amaia Zavala,26,united_states,1,3,23
510,Josephine Bartlett,29,united_states,0,1,16
511,Maddison Cohen,26,united_states,0,2,18
512,Kade Norman,50,united_states,0,2,20
513,Claire Brandt,24,united_states,0,1,24
514,Hadassah Barker,40,united_states,0,1,19
515,Andres Barrera,41,singapore,0,1,16
516,Abdiel Wu,25,united_states,0,1,20
517,Cyrus Case,25,singapore,1,2,18
518,Amia Gregory,22,singapore,1,1,19
519,Harlee Davidson,41,united_states,0,1,17
520,Leandro Ibarra,22,united_states,0,1,18
521,Fabian Fuentes,25,united_states,0,2,16
522,Brayden Oconnell,22,united_states,0,3,16
523,Zara Sanchez,39,singapore,0,1,20
524,Malaysia Callahan,41,united_states,0,2,4
525,Cameron Hale,22,united_states,0,3,18
526,Thaddeus Spencer,24,singapore,0,1,19
527,Jayce Logan,26,united_states,0,1,17
528,Gabriel Hughes,20,singapore,1,2,5
529,Jericho Mata,41,united_states,0,3,21
530,Virginia Peralta,25,singapore,1,3,21
531,Oakley Mcdonald,25,united_states,0,2,19
532,Jimena Wilkinson,25,united_states,0,2,19
533,Ella Daugherty,41,singapore,0,1,17
534,Jason Salinas,37,united_states,0,2,21
535,Ryann Briggs,21,united_states,0,1,20
536,Heidi Andrade,40,united_states,0,3,17
537,Queen Farrell,18,united_states,0,3,17
538,Hendrix Wyatt,25,united_states,0,1,24
539,Emory Schmitt,25,singapore,1,3,8
540,Ryan Ward,26,united_states,0,1,22
541,Sarai Parrish,21,united_states,0,1,15
542,Whitley Ware,46,united_states,0,2,17
543,Jameson Matthews,26,singapore,1,3,14
544,Mariana Shields,26,united_states,1,2,18
545,Kara Jaramillo,23,united_states,1,1,18
546,Knox Payne,24,united_states,0,3,22
547,Cayden Pitts,40,united_states,0,1,20
548,Alyssa Costa,24,united_states,0,1,20
549,Solomon Murillo,21,singapore,1,3,16
550,Miah Sawyer,42,united_states,1,1,21
551,Josue Casey,25,united_states,1,3,9
552,Kadence Johnston,28,singapore,1,1,17
553,Harrison Byrd,23,united_states,0,1,20
554,Alec Kerr,19,united_states,1,2,24
555,Rose Potter,43,united_states,0,3,19
556,Kaleb Newman,44,united_states,0,3,20
557,Phoenix Medrano,22,united_states,0,2,22
558,Terry Vu,44,united_states,1,1,13
559,Luella Thornton,18,singapore,0,1,16
560,Jaylee Mercado,28,united_states,0,3,14
561,Sara Singleton,25,united_states,1,3,22
562,Kylan Savage,21,united_states,0,3,22
563,Watson Moody,19,united_states,1,1,21
564,Anson Diaz,21,united_states,0,3,21
565,Bo Allen,40,united_states,0,3,21
566,Cain Glover,21,united_states,0,1,19
567,Koda Chang,23,united_states,0,1,20
568,Zayn Aguilar,23,united_states,0,1,22
569,Nathalie Horn,27,united_states,1,2,13
570,Aron Sosa,21,united_states,0,1,14
571,Santino Haley,19,united_states,1,2,20
572,Genevieve Bullock,37,united_states,1,3,23
573,Chris Pennington,20,singapore,0,3,17
574,Khaleesi Crawford,23,singapore,1,2,15
575,Scarlette Hamilton,21,united_states,0,1,22
576,Mae Willis,22,united_states,0,1,19
577,James Prince,23,singapore,1,3,16
578,Milani Mann,34,united_states,1,3,17
579,Elias Dennis,27,united_states,0,2,15
580,Avery Holmes,21,singapore,1,3,12
581,Guillermo Pratt,22,singapore,0,1,20
582,Tatiana Abbott,25,united_states,0,3,15
583,Mathias Mills,21,united_states,0,2,21
584,Liam Taylor,47,united_states,0,3,4
585,Lea Weeks,24,united_states,0,2,15
586,Trey Cervantes,46,united_states,0,1,14
587,Jeremias Castro,24,united_states,0,3,21
588,Matias Velasquez,45,united_states,0,1,24
589,Milan Raymond,23,united_states,0,3,22
590,Zachariah Zuniga,20,united_states,0,1,22
591,Yahir Harding,27,united_states,0,1,21
592,Aubrey Meyers,47,united_states,0,2,8
593,Kairo Golden,31,united_states,0,1,18
594,Martin Baker,23,united_states,0,1,23
595,Dream Esparza,20,singapore,1,2,21
596,Maximus Turner,40,united_states,0,3,18
597,Hazel Alexander,23,united_states,0,2,21
598,Leroy Carter,37,united_states,0,3,25
599,Joaquin Keith,26,united_states,0,2,19
600,Walter French,21,singapore,0,3,11
601,Wilson Henson,23,singapore,0,1,18
602,Juan Mckee,35,united_states,0,3,10
603,Shiloh Carlson,24,singapore,1,3,10
604,Jefferson Roy,35,united_states,0,2,25
605,Briar Vaughn,27,united_states,0,1,14
606,King Gaines,25,united_states,0,1,20
607,Kolton Harmon,25,united_states,0,2,20
608,Amos Dorsey,22,united_states,0,1,21
609,Sam Bridges,48,united_states,0,3,18
610,Ayla Henry,38,singapore,1,3,7
611,Konnor Chambers,48,united_states,0,3,19
612,Estella Ramirez,40,united_states,0,1,23
613,June Williams,25,united_states,0,1,22
614,Juelz Wong,21,united_states,0,2,20
615,Nova Montgomery,37,singapore,0,1,9
616,Amani Felix,27,singapore,1,3,23
617,Moises Wagner,34,united_states,0,1,21
618,Joshua Woodard,38,singapore,1,2,22
619,Alice Montoya,26,united_states,1,2,21
620,Evie Mason,50,united_states,0,1,20
621,Isaac Buckley,25,united_states,0,1,19
622,Hayden Shannon,22,singapore,0,1,13
623,Callen Villegas,22,united_states,0,3,9
624,Zakai Jimenez,28,united_states,0,3,20
625,Karter Simon,22,singapore,1,3,13
626,Charlie Elliott,27,singapore,0,1,16
627,Francis Cuevas,34,united_states,0,3,16
628,Ruby Fischer,54,united_states,0,3,25
629,Jesiah Chapman,24,united_states,0,3,24
630,Davis Pena,22,united_states,0,3,19
631,Yareli Person,36,singapore,1,1,14
632,Holly Sloan,19,singapore,1,1,8
633,Killian Hahn,24,singapore,1,3,18
634,Reign Pineda,23,singapore,0,3,16
635,Phillip Zamora,28,united_states,0,3,25
636,Jadiel Lucero,21,singapore,1,3,18
637,Holden Osborne,45,united_states,0,1,10
638,Frederick Andersen,30,united_states,1,1,22
639,Fisher Padilla,24,united_states,0,3,23
640,Johan Beard,24,singapore,1,3,14
641,Boone Larsen,21,singapore,0,3,11
642,Payton Coffey,24,singapore,0,2,24
643,Azariah Mathews,40,singapore,1,2,11
644,Diego Mueller,40,united_states,0,3,20
645,Brycen Hogan,24,singapore,1,3,12
646,Jaycee Powell,34,singapore,1,1,22
647,Karson Johns,40,singapore,0,3,12
648,Addisyn George,34,united_states,0,2,22
649,Aylin Wiley,27,united_states,0,3,18
650,Patrick Robertson,20,singapore,1,1,8
651,Terrence House,27,united_states,0,2,19
652,Ivan Andrews,24,singapore,1,2,19
653,Caspian Beltran,25,united_states,0,2,18
654,Estrella Aguirre,22,united_states,0,2,21
655,Alessandro Calderon,32,united_states,0,2,19
656,Stanley Morton,43,united_states,0,2,16
657,Alberto Combs,37,united_states,1,2,20
658,Shepherd Kelley,20,singapore,0,2,17
659,Molly Rose,23,singapore,0,1,20
660,Julien Mccullough,24,singapore,1,3,10
661,Owen David,20,united_states,0,2,17
662,Rayna Huff,26,united_states,0,1,22
663,Adalyn Roman,26,united_states,0,2,12
664,Mario Rodgers,22,united_states,0,1,18
665,Dustin Ford,51,united_states,0,3,21
666,Larry Dunlap,20,united_states,0,3,18
667,Bradley Pittman,47,united_states,0,2,19
668,Ezra Lozano,22,united_states,0,3,21
669,Franco Kirby,23,singapore,1,2,14
670,Weston Sweeney,22,united_states,0,3,16
671,Melvin Hensley,24,united_states,0,3,16
672,Kyla Olson,24,united_states,0,1,23
673,Rex Bates,19,united_states,1,2,17
674,Sean Reeves,20,united_states,0,3,18
675,Blake Mendoza,15,united_states,0,3,24
676,Dana Frye,26,singapore,1,2,14
677,Quentin Knight,51,united_states,0,1,23
678,Grady Day,24,singapore,1,2,12
679,Kamiyah Myers,37,united_states,0,2,19
680,Edith Guzman,26,united_states,0,3,17
681,Bailee Greene,43,united_states,0,1,18
682,Cory Doyle,26,united_states,0,2,20
683,Draven Summers,20,singapore,0,1,14
684,Paisley Lamb,23,united_states,0,2,22
685,Destiny Barajas,40,singapore,1,2,8
686,Zaiden Meza,25,united_states,0,3,21
687,Henry Richmond,21,united_states,0,3,19
688,Reed Huerta,18,singapore,1,3,20
689,Brynleigh Wall,42,united_states,0,2,5
690,Imran Lopez,42,singapore,0,2,13
691,Ulises Cannon,28,singapore,1,1,19
692,Lennon Hodges,27,singapore,0,2,18
693,Jaziel Estes,22,singapore,1,3,16
694,Darius Peters,25,united_states,0,2,23
695,Tobias Winters,41,united_states,0,2,20
696,Evangeline Robinson,22,singapore,1,2,23
697,Alexzander Novak,20,singapore,1,3,8
698,Leonidas Ochoa,28,singapore,1,3,10
699,Jamir Wilkerson,41,united_states,0,3,20
700,Wesson Ramsey,18,united_states,0,2,23
701,Vincent Stone,23,united_states,0,3,17
702,Karter Wilson,24,united_states,0,1,23
703,Shepard Hunter,28,united_states,0,2,7
704,Jeffery Heath,26,singapore,1,3,17
705,Aldo Hess,18,united_states,1,2,20
706,Colette Sellers,23,united_states,0,2,22
707,Memphis Huang,25,singapore,1,1,20
708,Lucy Ingram,44,united_states,0,3,21
709,Demetrius Martinez,44,united_states,0,1,14
710,Mckenzie Kelly,24,united_states,0,2,19
711,Juniper Walton,49,united_states,0,1,19
712,Mathew Ballard,22,united_states,0,2,12
713,Porter Thompson,25,united_states,0,3,18
714,Lincoln Meyer,19,singapore,1,2,18
715,Troy Corona,22,united_states,0,1,19
716,Hadlee Walker,24,united_states,1,1,21
717,Renata Fuller,25,united_states,1,2,25
718,Etta Joseph,23,united_states,1,2,23
719,Emmett Evans,22,singapore,1,1,18
720,Mylah Cummings,23,singapore,0,2,20
721,Violet Duke,25,singapore,1,1,21
722,Samir Mclaughlin,24,united_states,0,2,20
723,Zander Cisneros,43,singapore,1,2,12
724,Lylah Sandoval,40,singapore,1,3,16
725,Conner Stanley,20,united_states,0,1,13
726,Leona Beil,19,singapore,0,1,17
727,Bruce Carpenter,19,singapore,1,3,17
728,Kennedi Galvan,48,united_states,0,2,22
729,Briggs Clark,28,united_states,0,2,20
730,Zev Cochran,25,united_states,0,1,17
731,Lyric Boone,23,united_states,0,2,17
732,Aiyana Carroll,22,united_states,0,1,13
733,Kelly Goodman,21,singapore,0,1,2
734,Augustus Walsh,27,united_states,0,3,18
735,Dante Avery,26,united_states,0,2,21
736,Ariel Ball,29,united_states,1,1,25
737,Armando Portillo,38,united_states,0,3,22
738,Marley Bernal,36,singapore,1,2,20
739,Mark Knapp,21,united_states,0,3,22
740,Layne Wolf,26,singapore,1,2,17
741,Enoch Brady,23,united_states,0,1,15
742,Otis Hopkins,41,united_states,0,3,19
743,Bristol Strong,23,united_states,0,1,23
744,Mustafa Kemp,28,singapore,1,3,4
745,Arturo Barron,28,united_states,0,3,21
746,Justice Dawson,23,singapore,1,3,20
747,Lochlan Guevara,24,united_states,1,3,17
748,Colson Mendez,24,united_states,0,2,15
749,Nevaeh Warner,18,singapore,1,3,18
750,Heavenly Herring,24,united_states,0,3,2
751,Angel Rogers,21,united_states,1,3,17
752,Ruth Pope,49,united_states,0,3,18
753,Aubree Nixon,19,united_states,0,3,22
754,Roman Wallace,40,united_states,0,3,17
755,Alfonso Chavez,21,united_states,0,2,24
756,Amiya Shah,21,united_states,1,1,21
757,Lorelei Hall,26,united_states,0,2,17
758,Anderson Yang,20,united_states,0,3,16
759,Jane Mcmahon,43,united_states,1,1,22
760,Meghan Conway,21,united_states,1,3,19
761,Heath Valenzuela,24,singapore,1,3,27
762,Alvaro Steele,19,singapore,1,2,15
763,Devon Branch,21,united_states,0,1,19
764,Celeste Holt,19,united_states,0,1,16
765,Amari Griffith,42,singapore,1,2,11
766,Maximiliano Singh,49,united_states,0,2,23
767,Elliot Mccarthy,26,united_states,0,1,19
768,Mina Jensen,22,united_states,0,1,16
769,Spencer Yates,23,united_states,0,1,16
770,Alani Correa,26,united_states,0,1,23
771,River Marks,21,united_states,0,3,10
772,Aaliyah Duarte,22,united_states,0,2,22
773,Kason Chung,20,united_states,0,3,17
774,Damon Boyer,20,united_states,0,1,9
775,Opal Jacobs,20,singapore,0,2,10
776,Talon Hayes,22,singapore,0,1,8
777,Lawson Vo,22,united_states,0,2,22
778,Paige Bryant,24,singapore,0,3,16
779,Kehlani Ferguson,30,united_states,0,2,22
780,Ellianna Gates,20,united_states,1,3,12
781,Kassidy Macdonald,24,united_states,0,2,23
782,Jose Harrison,24,united_states,0,3,22
783,Iker Berger,42,united_states,0,1,15
784,Cristiano Smith,22,united_states,0,1,24
785,Rhett Leal,21,united_states,0,2,22
786,Blake Harris,23,singapore,0,1,21
787,Jake Banks,48,united_states,0,1,16
788,Zaire Cook,40,united_states,0,2,21
789,Christopher Hendrix,22,united_states,0,1,22
790,Mercy Tapia,35,united_states,0,1,14
791,Kenzo Pollard,37,singapore,1,3,22
792,Clyde Caldwell,39,singapore,0,1,14
793,Kamden Barton,25,united_states,0,3,23
794,Aria Vasquez,28,united_states,0,2,22
795,Sullivan Mccall,23,singapore,1,2,14
796,Monroe Oliver,37,united_states,0,3,21
797,Brianna Pham,22,united_states,0,2,20
798,Axton Jackson,20,united_states,0,2,15
799,Cecelia Odom,20,united_states,0,2,20
800,Celia Brewer,41,united_states,0,3,14
801,Kora Snow,50,singapore,1,3,17
802,Emilio Cruz,19,united_states,0,1,19
803,Sterling Lucas,38,united_states,0,2,21
804,Autumn Rich,26,united_states,0,1,22
805,Koa Villarreal,39,united_states,0,3,18
806,Dylan Potts,16,singapore,1,2,21
807,Kinley Hancock,24,united_states,0,1,18
808,Aspen Gardner,44,singapore,0,2,13
809,Jamison Hansen,20,united_states,1,1,13
810,Andy Le,40,united_states,0,3,25
811,Paola Cole,21,singapore,0,1,13
812,Frankie Molina,20,singapore,1,1,23
813,Wyatt Nielsen,27,singapore,0,1,17
814,Daisy Olsen,23,united_states,0,3,23
815,Kylee Dillon,25,singapore,1,1,18
816,Onyx Vang,28,united_states,0,1,20
817,Eli Duran,24,united_states,1,2,20
818,Elliott Perez,19,united_states,0,2,20
819,Rey Farmer,34,united_states,1,3,19
820,Elian Simmons,41,united_states,0,3,22
821,Ashlynn Ahmed,22,singapore,1,1,19
822,Issac Marquez,40,singapore,1,3,16
823,Ignacio Brennan,21,united_states,0,2,17
824,Nathaniel Strickland,22,singapore,0,2,17
825,Reece Gonzalez,47,united_states,0,1,15
826,Kinsley Rollins,36,singapore,0,1,20
827,Xzavier Campos,23,united_states,0,1,23
828,Will Gentry,47,singapore,0,1,16
829,Elyse Nicholson,23,united_states,1,3,21
830,Ledger Hanna,41,singapore,0,1,9
831,Seth Vance,25,united_states,1,3,22
832,Calvin Neal,25,united_states,0,2,14
833,Jax Jordan,24,united_states,0,3,23
834,Shane Lambert,24,singapore,0,3,18
835,Westin Bowers,22,singapore,1,2,16
836,Colton Mitchell,34,singapore,0,2,10
837,Payton Silva,27,singapore,0,1,18
838,Malakai Booker,21,united_states,0,1,21
839,Dakari Cantrell,27,united_states,0,1,6
840,Zoie Cortes,19,singapore,1,2,20
841,Mitchell Arellano,22,united_states,1,2,20
842,Allison Villalobos,22,singapore,1,2,3
843,Leighton Brooks,25,united_states,0,1,8
844,Millie Mcclure,26,united_states,0,2,19
845,Darian Ho,19,united_states,0,2,21
846,Grayson Malone,33,united_states,1,3,27
847,Maximilian Nolan,53,united_states,0,2,22
848,Everly Horne,20,singapore,0,1,19
849,Callan Truong,19,united_states,0,1,17
850,Mack Cantu,28,united_states,0,2,21
851,Theo Russo,24,united_states,1,1,18
852,Brittany Hardy,20,united_states,0,1,16
853,Ronan Bowen,23,united_states,0,1,12
854,Anika Lane,28,united_states,0,3,20
855,Kayson Oconnor,23,united_states,1,3,20
856,Evan Weiss,23,united_states,0,3,20
857,Chad Jenkins,41,united_states,0,2,20
858,Giovanni Richards,47,singapore,1,3,15
859,Miles Friedman,21,singapore,1,3,5
860,Langston Ponce,20,united_states,0,1,16
861,Jaylah Church,32,singapore,1,3,17
862,Rene Howe,57,united_states,0,2,23
863,Bryant English,27,united_states,0,2,19
864,David Huynh,28,singapore,1,1,18
865,Raul May,21,united_states,0,1,16
866,Coleman Reyna,27,united_states,0,2,23
867,Marcelo Wells,22,singapore,0,3,15
868,Decker Lindsey,25,united_states,0,1,20
869,Joyce Short,27,singapore,0,1,20
870,Bria Hartman,23,united_states,1,2,21
871,Victor Bautista,46,united_states,1,2,22
872,Avi Martin,22,united_states,0,1,17
873,Amaris Rice,25,united_states,0,2,23
874,Jermaine Mckay,20,united_states,0,2,14
875,Jack Franco,27,singapore,1,3,12
876,Johnny Clarke,39,united_states,1,2,20
877,Lainey Baldwin,23,united_states,0,1,21
878,Emmeline Moon,21,united_states,0,3,22
879,Manuel Foley,39,singapore,1,1,15
880,Cruz Burke,21,united_states,0,2,20
881,Rowen Owens,45,united_states,0,2,22
882,Serenity Ali,19,united_states,0,1,24
883,Milo Wiggins,21,united_states,0,3,22
884,Hamza Frost,23,singapore,1,3,13
885,Makayla Williamson,20,united_states,0,2,23
886,Wallace Faulkner,45,united_states,1,3,6
887,Alaya Patterson,42,united_states,0,2,21
888,Alexis Price,23,singapore,1,3,10
889,Quinn Murphy,24,singapore,1,3,15
890,Lennox Dickerson,41,united_states,0,2,21
891,Jasmine Sampson,44,united_states,0,3,9
892,Penelope Shaw,22,singapore,0,1,3
893,Sunny Rocha,25,united_states,0,1,14
894,Cohen Phelps,22,united_states,0,1,17
895,Paisleigh Bauer,31,united_states,0,3,17
896,Ryder Welch,26,singapore,1,1,19
897,Jordan Escobar,23,united_states,0,1,18
898,Ramona Donovan,39,united_states,0,2,21
899,Keenan Krueger,28,singapore,0,1,19
900,Emery Blankenship,31,united_states,0,1,20
901,Timothy Hayden,22,united_states,0,2,20
902,Maximo Bonilla,22,united_states,1,1,14
903,Waylon Kline,22,united_states,0,1,20
904,Uriel Hudson,25,united_states,0,1,18
905,Kannon Russell,28,united_states,0,3,22
906,Xiomara Benjamin,22,united_states,0,1,20
907,Samira Roach,31,singapore,1,2,16
908,Thiago Foster,45,singapore,0,1,18
909,Alonzo Li,25,united_states,1,2,22
910,Maxton Tyler,23,singapore,0,1,21
911,Yael Gill,25,united_states,0,2,16
912,Ray Lynn,28,singapore,0,1,20
913,Amara Boyle,22,singapore,1,2,13
914,Orlando Gonzales,18,united_states,0,3,18
915,Aries Parra,25,united_states,0,1,19
916,Matteo Townsend,22,united_states,0,1,14
917,Tatum Atkinson,23,singapore,1,3,15
918,Nyla Burton,25,united_states,0,1,17
919,Jenna Poole,25,united_states,0,1,18
920,Drake Love,23,singapore,1,2,9
921,Emmaline Frank,21,singapore,1,2,14
922,Riley Hebert,37,united_states,0,1,22
923,Sophia Deleon,33,united_states,0,2,14
924,Margot Marshall,15,united_states,0,3,18
925,Reginald Mejia,26,united_states,0,3,18
926,Dennis Sparks,22,united_states,0,2,23
927,Preston Page,28,singapore,0,3,20
928,Marvin Sutton,24,united_states,0,3,19
929,Jemma Colon,37,united_states,1,1,25
930,Jerry Cordova,21,united_states,0,1,19
931,Chance Good,42,united_states,0,2,19
932,Noor Stuart,26,singapore,0,2,9
933,Carmen Blair,27,united_states,0,3,18
934,Forrest Parks,40,united_states,0,3,19
935,Antonio Burnett,22,united_states,0,2,19
936,Terrance Bernard,27,united_states,0,3,17
937,Jaylen Rhodes,21,united_states,1,1,19
938,Ashley Zimmerman,23,singapore,1,1,20
939,Hugh Livingston,34,united_states,0,3,19
940,Nickolas Mays,25,united_states,0,1,18
941,Brock Benson,31,united_states,0,3,18
942,Conrad Choi,42,united_states,0,1,18
943,Gracelynn Fry,38,singapore,1,3,24
944,Cadence Holland,25,united_states,0,2,18
945,Jasiah Schroeder,25,singapore,1,1,16
946,Lionel Snyder,39,united_states,0,3,21
947,Nasir Morgan,22,united_states,0,3,22
948,Adaline Ortiz,26,united_states,0,2,18
949,Aubriella Mccoy,24,united_states,1,1,22
950,Grant Preston,21,singapore,1,2,13
951,Annie Henderson,21,united_states,0,2,23
952,Kayleigh Lugo,29,united_states,0,2,23
953,Travis Harrington,21,united_states,0,2,20
954,Haley Velez,40,united_states,0,2,20
955,Beckham Rosales,27,united_states,0,2,24
956,Harper Collins,45,united_states,0,1,21
957,Stetson Kim,21,singapore,0,1,20
958,Edgar Browning,47,singapore,0,2,12
959,Deandre Lyons,24,united_states,0,2,17
960,Juliana Arnold,42,united_states,0,3,22
961,Nicholas Mcintyre,24,united_states,0,3,21
962,Jurnee Clay,40,singapore,0,2,12
963,Thomas Allison,28,united_states,0,1,26
964,Dakota Gray,42,united_states,0,1,21
965,Saint Wright,39,united_states,0,1,20
966,Clay Rush,21,united_states,0,2,22
967,Aniyah Moreno,20,singapore,0,2,15
968,Samson Hicks,31,united_states,0,2,20
969,Ezequiel Drake,23,united_states,0,1,17
970,Gordon Proctor,49,singapore,1,2,13
971,Teagan Griffin,28,united_states,0,2,18
972,Diana Wise,20,united_states,0,3,22
973,Maryam Sheppard,46,united_states,0,1,17
974,Simon Stokes,15,united_states,0,3,17
975,Leo Harper,53,united_states,1,1,22
976,Thatcher Best,23,united_states,0,1,18
977,Crew West,26,united_states,0,3,20
978,Boston Stark,21,singapore,1,2,8
979,Elisha Bishop,26,singapore,0,1,17
980,Forest Bradshaw,20,united_states,1,2,19
981,Carlos Mckenzie,23,united_states,0,3,25
982,Cassandra Guerrero,25,singapore,0,1,18
983,Dominic Trujillo,19,singapore,0,2,13
984,Westley Leon,55,singapore,0,1,20
985,Juliette Fitzgerald,24,united_states,0,2,22
986,Adam Burns,27,united_states,0,1,19
987,Bianca Benitez,24,united_states,0,1,15
988,Soren Leach,21,united_states,0,2,17
989,Anakin Shepherd,35,united_states,0,1,13
990,Liv Howard,28,united_states,0,1,21
991,Mariah Rangel,25,singapore,0,1,11
992,Mary Newton,17,united_states,1,2,20
993,Asher Shelton,27,united_states,0,3,22
994,Zahir Cabrera,39,united_states,0,3,7
995,Steven Bean,21,united_states,0,1,21
996,Peyton Enriquez,56,singapore,1,3,14
997,Amina Manning,24,united_states,0,1,24
998,Brooks Ventura,26,united_states,0,3,17
999,Nayeli Mathis,41,united_states,0,3,16
1000,Cole Solis,21,united_states,0,3,18
